Title,Rating,BoxOfficeCollection,Budget,Director,Producer
The Silence of the Lambs,8.2,418357897,155958062,Steven Spielberg,George Lucas
Pulp Fiction,1.7,430860979,171749337,Peter Jackson,David Heyman
Inception,7,839695028,308699478,Peter Jackson,David Heyman
The Grand Budapest Hotel,4.3,880260298,340976130,David Fincher,Martin Scorsese
The Shawshank Redemption,5.4,496941254,28464131,Stanley Kubrick,Martin Scorsese
Gladiator,4.8,1430706,427084606,Martin Scorsese,Jerry Bruckheimer
The Silence of the Lambs,6.3,369249390,219704968,Peter Jackson,Martin Scorsese
Titanic,9.3,21989361,136964404,Christopher Nolan,Steven Spielberg
Avatar,5.7,410939400,70226186,Stanley Kubrick,Christopher Nolan
Forrest Gump,6.7,578851091,361590033,James Cameron,Quentin Tarantino
Interstellar,3.6,714976658,14620458,David Fincher,Jerry Bruckheimer
The Dark Knight,4.8,533618740,218304050,Christopher Nolan,Scott Rudin
La La Land,7.8,926287211,344743480,Peter Jackson,Emma Thomas
Schindler's List,2.6,166297347,397891629,Ridley Scott,Steven Spielberg
The Shawshank Redemption,3.2,233168918,414555,James Cameron,Emma Thomas
Titanic,2.2,425029138,264536391,Stanley Kubrick,David Heyman
Pulp Fiction,4.1,141174516,182427406,David Fincher,Steven Spielberg
The Shawshank Redemption,4.3,261793110,115617671,Steven Spielberg,Kathleen Kennedy
Pulp Fiction,6.9,748733706,179601260,Ridley Scott,Steven Spielberg
Schindler's List,8.4,61050889,380246948,Martin Scorsese,Quentin Tarantino
The Departed,1.7,454203889,179363771,Stanley Kubrick,Quentin Tarantino
The Grand Budapest Hotel,1.7,932765224,459115203,Ridley Scott,Christopher Nolan
Interstellar,4.9,444551684,10735672,James Cameron,David Heyman
The Dark Knight,4.2,717830341,302249633,Francis Ford Coppola,Christopher Nolan
The Departed,9.8,44516320,444681617,Martin Scorsese,David Heyman
Interstellar,5.1,242877769,314137821,James Cameron,Scott Rudin
The Silence of the Lambs,9.1,426239470,19072473,Quentin Tarantino,Scott Rudin
Pulp Fiction,1.1,565196796,492090026,Steven Spielberg,Steven Spielberg
Gladiator,3.8,965820122,400645323,Ridley Scott,David Heyman
Schindler's List,2.1,14912293,373648254,Christopher Nolan,David Heyman
The Godfather,3.2,847642614,93250033,Martin Scorsese,Emma Thomas
Fight Club,8.3,820645675,438996793,Ridley Scott,Scott Rudin
La La Land,5.1,939872496,446977360,David Fincher,Scott Rudin
Avatar,1.3,845891900,48648555,Stanley Kubrick,George Lucas
The Matrix,5.7,975998497,225270834,Peter Jackson,Kathleen Kennedy
Fight Club,9.2,629646908,422306995,James Cameron,Quentin Tarantino
Braveheart,1.2,861332056,122016457,Peter Jackson,Jerry Bruckheimer
The Shawshank Redemption,5.8,788339569,186888223,Quentin Tarantino,Christopher Nolan
Forrest Gump,3.1,584286691,444665808,Steven Spielberg,George Lucas
La La Land,8.2,125826107,267903974,Quentin Tarantino,Martin Scorsese
The Shawshank Redemption,4.1,804872157,482708193,Martin Scorsese,Martin Scorsese
The Lord of the Rings: The Return of the King,6.1,162754863,192726694,Quentin Tarantino,Scott Rudin
The Grand Budapest Hotel,3.2,450800910,118689783,Martin Scorsese,Quentin Tarantino
The Matrix,6.4,78736973,309462993,Martin Scorsese,Quentin Tarantino
The Matrix,3.7,96035978,135240740,James Cameron,Jerry Bruckheimer
Braveheart,6.7,18197222,490746105,Quentin Tarantino,Jerry Bruckheimer
Schindler's List,5.7,177856818,49821764,James Cameron,George Lucas
Inception,2.4,486983125,404259762,Ridley Scott,Martin Scorsese
The Silence of the Lambs,4.3,884648218,142512963,Ridley Scott,Jerry Bruckheimer
Interstellar,8.6,958361686,4081518,Christopher Nolan,Emma Thomas
Braveheart,7.7,779357521,357406337,Steven Spielberg,Martin Scorsese
The Godfather,5.1,15736311,245765530,Steven Spielberg,George Lucas
The Departed,1.2,948815266,416959420,Ridley Scott,Christopher Nolan
The Departed,8.6,677763353,228441301,Stanley Kubrick,Emma Thomas
The Departed,5.2,414000846,399595161,David Fincher,George Lucas
The Lord of the Rings: The Return of the King,2,881970855,233339984,Peter Jackson,David Heyman
The Departed,9,712447733,136386571,Peter Jackson,David Heyman
Interstellar,2.4,986950284,39425102,Ridley Scott,David Heyman
Pulp Fiction,8,636799058,180937339,Stanley Kubrick,Scott Rudin
La La Land,4.2,444552696,79334703,Peter Jackson,Scott Rudin
The Departed,3.3,843853889,128195696,Ridley Scott,Kathleen Kennedy
Interstellar,1.2,372481143,250978327,Stanley Kubrick,Quentin Tarantino
Pulp Fiction,2.8,865343870,294573644,Martin Scorsese,Martin Scorsese
The Shawshank Redemption,9,919564006,241189789,Martin Scorsese,David Heyman
The Matrix,8,538728044,202755382,James Cameron,David Heyman
Schindler's List,6.5,298265447,440265879,David Fincher,Martin Scorsese
The Shawshank Redemption,5,41507882,154195580,Christopher Nolan,David Heyman
Forrest Gump,4,118289285,248532088,Peter Jackson,Scott Rudin
The Silence of the Lambs,6.5,311741878,382765691,Christopher Nolan,Christopher Nolan
Schindler's List,9.3,360028915,490011786,Christopher Nolan,Martin Scorsese
Schindler's List,1.5,264673432,17308062,Ridley Scott,George Lucas
Braveheart,6.8,560334957,494081764,Steven Spielberg,Emma Thomas
The Godfather,6.1,590296279,339065251,Francis Ford Coppola,Kathleen Kennedy
The Godfather,8.8,840127530,62111408,Christopher Nolan,Kathleen Kennedy
The Lord of the Rings: The Return of the King,6.6,132984682,383273824,David Fincher,Scott Rudin
Pulp Fiction,3.7,861385282,186218781,James Cameron,Scott Rudin
Schindler's List,2.4,723278224,5157034,Martin Scorsese,Scott Rudin
Schindler's List,6.9,497067854,186351150,Christopher Nolan,George Lucas
The Shawshank Redemption,3.5,317178273,255097913,Francis Ford Coppola,Christopher Nolan
La La Land,2.7,179287801,491762603,James Cameron,Scott Rudin
La La Land,3.5,552078491,442214398,James Cameron,Steven Spielberg
Avatar,1.3,298458757,422133553,Peter Jackson,Christopher Nolan
Titanic,9.1,694012608,235405890,James Cameron,George Lucas
Forrest Gump,5.8,34068151,72419375,Steven Spielberg,Christopher Nolan
The Silence of the Lambs,5.7,508072055,68465007,Stanley Kubrick,Martin Scorsese
Fight Club,7.9,424364549,453088956,Steven Spielberg,Quentin Tarantino
Titanic,4.8,544978317,241521802,Ridley Scott,Quentin Tarantino
The Matrix,8.4,721150339,45358702,Martin Scorsese,George Lucas
The Dark Knight,9.8,828842060,104011743,Christopher Nolan,Jerry Bruckheimer
Forrest Gump,3.7,600274067,371508385,Martin Scorsese,Christopher Nolan
Gladiator,1.5,113905291,220692187,Quentin Tarantino,Jerry Bruckheimer
The Departed,6.2,191178452,499774483,Peter Jackson,George Lucas
The Grand Budapest Hotel,4.3,791595006,25597147,David Fincher,Jerry Bruckheimer
Pulp Fiction,7.3,667868725,355537128,Stanley Kubrick,Steven Spielberg
The Silence of the Lambs,1.7,723246415,76260467,Stanley Kubrick,Emma Thomas
Pulp Fiction,8.3,386933682,154191927,Quentin Tarantino,Christopher Nolan
Gladiator,2.4,2338868,315680226,Martin Scorsese,Steven Spielberg
Titanic,1.8,198114472,446074602,James Cameron,Steven Spielberg
The Departed,7.7,160500208,243393354,Ridley Scott,David Heyman
Schindler's List,9.5,910722366,446077495,Ridley Scott,Jerry Bruckheimer
The Dark Knight,6.4,236292021,314731416,Quentin Tarantino,Christopher Nolan
The Social Network,5.5,541257366,413128612,Stanley Kubrick,Christopher Nolan
Forrest Gump,2.1,571256124,356899286,James Cameron,Christopher Nolan
Interstellar,2.6,924526915,122616517,Quentin Tarantino,Jerry Bruckheimer
The Departed,3.7,272152553,414227621,David Fincher,Kathleen Kennedy
La La Land,7.7,512429349,337368708,Ridley Scott,Quentin Tarantino
The Shawshank Redemption,5.7,285176666,150864965,Ridley Scott,Martin Scorsese
Forrest Gump,8.7,864762496,364333402,James Cameron,Christopher Nolan
Inception,4.3,597911630,491492118,Christopher Nolan,Jerry Bruckheimer
The Lord of the Rings: The Return of the King,2.2,885612757,250429092,Martin Scorsese,Scott Rudin
The Shawshank Redemption,1.6,648491530,264727513,Peter Jackson,Martin Scorsese
La La Land,1.2,823763494,463780600,Francis Ford Coppola,Emma Thomas
The Dark Knight,3.9,87527278,237053129,Martin Scorsese,Emma Thomas
Braveheart,8.7,904558088,290514659,Quentin Tarantino,Kathleen Kennedy
The Shawshank Redemption,4.8,507700561,48145522,David Fincher,Martin Scorsese
The Godfather,6.3,511419997,87532358,David Fincher,Steven Spielberg
The Silence of the Lambs,3.3,278672078,95432276,Stanley Kubrick,Steven Spielberg
The Social Network,5.9,899170076,422115428,Quentin Tarantino,Steven Spielberg
Schindler's List,7.6,49963823,67398625,Peter Jackson,David Heyman
The Grand Budapest Hotel,4.3,42670675,376295838,Peter Jackson,David Heyman
Schindler's List,5.4,566351409,486013834,Martin Scorsese,Steven Spielberg
Inception,2.2,912283617,66097323,Quentin Tarantino,Scott Rudin
Braveheart,8,859816265,393162791,Quentin Tarantino,Martin Scorsese
La La Land,2.8,843375780,473171528,Quentin Tarantino,Jerry Bruckheimer
The Godfather,2.8,134039043,65240588,Christopher Nolan,Martin Scorsese
The Silence of the Lambs,5.7,584698147,157701009,Peter Jackson,Emma Thomas
Forrest Gump,7.1,942882341,406653853,Christopher Nolan,Martin Scorsese
The Social Network,7.6,138774443,458875708,James Cameron,George Lucas
The Matrix,1.4,389976092,92284795,Ridley Scott,Emma Thomas
The Lord of the Rings: The Return of the King,3,353594111,41830985,Ridley Scott,Martin Scorsese
Interstellar,9.3,389239157,412877264,James Cameron,Scott Rudin
Gladiator,3.2,641333201,277249071,Ridley Scott,Steven Spielberg
The Matrix,9.8,428444641,209383192,Christopher Nolan,Steven Spielberg
Forrest Gump,4.6,663823124,85669599,Martin Scorsese,George Lucas
Inception,4.5,978080664,402483868,David Fincher,Kathleen Kennedy
The Silence of the Lambs,6.9,567256804,64302741,Stanley Kubrick,George Lucas
The Dark Knight,2.6,388341843,101377586,Ridley Scott,Jerry Bruckheimer
The Matrix,6.1,504616515,403515157,Martin Scorsese,Steven Spielberg
Fight Club,2.4,425408831,237599228,Steven Spielberg,Jerry Bruckheimer
The Social Network,9,168414158,89856237,James Cameron,David Heyman
Forrest Gump,9.5,854051010,58602842,Ridley Scott,David Heyman
Schindler's List,4.8,555919969,110802894,Ridley Scott,Scott Rudin
Titanic,2.2,744879776,63672228,Quentin Tarantino,Jerry Bruckheimer
The Silence of the Lambs,6.5,288629047,453779626,Martin Scorsese,Scott Rudin
Schindler's List,6.3,536508389,131152661,James Cameron,David Heyman
The Shawshank Redemption,6.2,835943637,55020510,Steven Spielberg,Martin Scorsese
Titanic,1.5,954029513,349291744,Steven Spielberg,George Lucas
Interstellar,9.9,649111635,497080404,James Cameron,Kathleen Kennedy
Braveheart,2.9,170499199,252644983,Quentin Tarantino,Scott Rudin
Gladiator,6.7,439708752,19244652,Steven Spielberg,Quentin Tarantino
Pulp Fiction,9.9,704064836,336920878,Peter Jackson,Kathleen Kennedy
The Matrix,3.9,641206666,203153231,Martin Scorsese,David Heyman
The Shawshank Redemption,8.4,818175787,325851532,Steven Spielberg,George Lucas
Avatar,4.8,258980061,45817256,Martin Scorsese,Christopher Nolan
The Matrix,9.7,944821645,378366070,Ridley Scott,David Heyman
The Shawshank Redemption,8.2,375056477,30896908,David Fincher,David Heyman
Forrest Gump,6.9,631286505,284273653,Francis Ford Coppola,Scott Rudin
Fight Club,5.2,199746863,360967483,Francis Ford Coppola,Steven Spielberg
The Silence of the Lambs,4.8,245796807,468741332,Martin Scorsese,David Heyman
Titanic,1.2,308343981,318917881,David Fincher,Martin Scorsese
La La Land,6.9,779814805,43873085,Francis Ford Coppola,Martin Scorsese
Gladiator,9.5,738799286,7405720,Christopher Nolan,George Lucas
The Social Network,1,253957033,268876390,David Fincher,Christopher Nolan
The Godfather,6.9,239363635,315023369,Christopher Nolan,George Lucas
Avatar,2,159379872,431222271,David Fincher,George Lucas
The Matrix,5.2,913314362,429105182,Stanley Kubrick,Quentin Tarantino
Fight Club,2.2,711621143,316637551,Stanley Kubrick,Jerry Bruckheimer
Forrest Gump,7.2,694456863,148411561,Christopher Nolan,George Lucas
The Grand Budapest Hotel,7.7,943247697,118346459,Stanley Kubrick,Steven Spielberg
Forrest Gump,4.9,174861044,23738952,James Cameron,Steven Spielberg
Schindler's List,5.3,334478171,94526851,Francis Ford Coppola,George Lucas
Schindler's List,7.8,672311903,235271108,Ridley Scott,George Lucas
Titanic,3.5,98908104,219132168,Ridley Scott,Jerry Bruckheimer
Forrest Gump,8.7,847146637,480710423,Christopher Nolan,George Lucas
The Social Network,2.3,454605808,419968106,Stanley Kubrick,Kathleen Kennedy
Avatar,2.4,177098611,386607238,David Fincher,George Lucas
Titanic,4.2,938540859,232193299,James Cameron,Emma Thomas
Inception,9.8,739238770,348941468,Ridley Scott,Quentin Tarantino
Avatar,3,189975200,293932072,James Cameron,Martin Scorsese
Pulp Fiction,9.8,722039299,174524046,Stanley Kubrick,Quentin Tarantino
The Shawshank Redemption,2,515760370,331495249,Francis Ford Coppola,Steven Spielberg
The Lord of the Rings: The Return of the King,1.9,591234817,481246138,Ridley Scott,Scott Rudin
The Social Network,2.2,705352757,219927287,Steven Spielberg,Jerry Bruckheimer
The Shawshank Redemption,4.3,622936401,432962129,Christopher Nolan,Scott Rudin
Gladiator,3.9,323054144,195487410,David Fincher,Martin Scorsese
Schindler's List,9.5,565622603,440960026,Quentin Tarantino,Scott Rudin
Forrest Gump,6.3,331831812,443125290,James Cameron,George Lucas
The Departed,5.1,577840203,64171098,Ridley Scott,Kathleen Kennedy
The Social Network,7.7,685294070,57223515,Stanley Kubrick,David Heyman
The Silence of the Lambs,4.7,376020867,249859099,Quentin Tarantino,George Lucas
The Dark Knight,3.9,4602572,153563196,Quentin Tarantino,Emma Thomas
Interstellar,8.8,469043139,493602537,Stanley Kubrick,Martin Scorsese
Inception,9.4,944522542,262297026,Ridley Scott,Scott Rudin
Pulp Fiction,3.6,350153734,28582914,James Cameron,Kathleen Kennedy
Interstellar,3,979452494,211292495,Peter Jackson,George Lucas
Pulp Fiction,9.9,24009182,93126491,David Fincher,Steven Spielberg
The Dark Knight,1.7,59138566,329608319,Quentin Tarantino,Jerry Bruckheimer
Interstellar,9.3,206694073,431523582,Francis Ford Coppola,George Lucas
The Grand Budapest Hotel,5.8,813369346,254151900,Quentin Tarantino,George Lucas
Avatar,5.4,348469237,14430425,Ridley Scott,Kathleen Kennedy
Braveheart,5.8,913456136,65847185,Steven Spielberg,Emma Thomas
Braveheart,3.9,398318303,220234366,Quentin Tarantino,Jerry Bruckheimer
The Dark Knight,1.5,737795990,102180737,Francis Ford Coppola,Emma Thomas
Interstellar,4.7,299337385,417883844,Peter Jackson,Quentin Tarantino
Forrest Gump,3.4,479249497,417823606,Peter Jackson,Quentin Tarantino
Interstellar,6.3,571859271,378706941,Peter Jackson,Kathleen Kennedy
The Silence of the Lambs,6.6,274214234,151813511,Quentin Tarantino,Quentin Tarantino
Gladiator,7.9,964440681,361089304,Steven Spielberg,Steven Spielberg
Forrest Gump,6.7,76158023,332368372,Francis Ford Coppola,George Lucas
The Departed,9.5,486885167,482455058,Christopher Nolan,George Lucas
The Shawshank Redemption,3,206145859,245522676,Steven Spielberg,Quentin Tarantino
The Dark Knight,3,34791788,194513300,James Cameron,Steven Spielberg
Interstellar,3.7,868626064,400845622,Quentin Tarantino,Emma Thomas
Pulp Fiction,1.7,62491311,290757982,Steven Spielberg,David Heyman
Titanic,6.6,401623459,401729481,Steven Spielberg,Emma Thomas
The Lord of the Rings: The Return of the King,8.6,878446679,129313084,Francis Ford Coppola,Martin Scorsese
Pulp Fiction,8.9,13379979,327073222,Francis Ford Coppola,Steven Spielberg
The Silence of the Lambs,5.1,680649504,134368240,James Cameron,Steven Spielberg
The Dark Knight,6.7,407271232,420488710,Christopher Nolan,Steven Spielberg
Gladiator,2.1,956418595,116815379,Quentin Tarantino,David Heyman
Interstellar,8.3,548297815,428366483,Francis Ford Coppola,Steven Spielberg
Interstellar,9.1,734025823,383123030,Christopher Nolan,Kathleen Kennedy
Inception,2.3,101494144,156080503,James Cameron,Steven Spielberg
The Dark Knight,1.4,701445725,253427936,Stanley Kubrick,David Heyman
Fight Club,1.9,282658699,482903922,Steven Spielberg,Emma Thomas
The Silence of the Lambs,4.2,60530897,126511840,Peter Jackson,Jerry Bruckheimer
Inception,5.6,588310639,407929438,Quentin Tarantino,Scott Rudin
Schindler's List,4.7,373348367,155283648,Francis Ford Coppola,Emma Thomas
Inception,5.6,890835611,355097495,Ridley Scott,George Lucas
The Dark Knight,7.7,276178927,133012693,David Fincher,Jerry Bruckheimer
Interstellar,9.3,594366705,28499840,James Cameron,Christopher Nolan
Braveheart,1.5,799452975,231141752,David Fincher,Kathleen Kennedy
La La Land,3.3,882709182,421571188,Stanley Kubrick,Emma Thomas
The Departed,4.3,473278947,388999769,Quentin Tarantino,Steven Spielberg
The Departed,4.3,77473393,392184332,Peter Jackson,Christopher Nolan
Pulp Fiction,3.4,96434090,484464146,David Fincher,Martin Scorsese
The Dark Knight,5,407965950,349339081,Peter Jackson,Quentin Tarantino
The Godfather,4.7,743838364,85265938,Steven Spielberg,Scott Rudin
The Matrix,4.1,785426652,432038327,Ridley Scott,David Heyman
The Departed,5.1,380801163,375727764,Stanley Kubrick,Jerry Bruckheimer
Fight Club,8,638922137,345609349,Francis Ford Coppola,Emma Thomas
Braveheart,2.9,273123517,460866306,Quentin Tarantino,Christopher Nolan
Fight Club,3.9,843068642,79197086,David Fincher,David Heyman
The Dark Knight,1.2,730116059,202886422,Christopher Nolan,Steven Spielberg
Titanic,4.5,973965122,94593863,Quentin Tarantino,Emma Thomas
The Dark Knight,8.2,583413518,307936695,Peter Jackson,Quentin Tarantino
The Godfather,8.2,48884780,417563047,James Cameron,David Heyman
Pulp Fiction,5.5,753080550,265679714,Christopher Nolan,Christopher Nolan
The Matrix,4.9,529436403,320118982,James Cameron,Steven Spielberg
The Lord of the Rings: The Return of the King,6.9,883732857,263428322,Stanley Kubrick,Scott Rudin
The Dark Knight,9.9,326457896,391059472,Ridley Scott,Emma Thomas
Fight Club,9.8,153237127,233385353,Quentin Tarantino,David Heyman
The Matrix,6.6,744587903,390720778,Francis Ford Coppola,George Lucas
The Matrix,4.5,394495596,282578117,Martin Scorsese,George Lucas
La La Land,2.4,856705700,57121242,Steven Spielberg,Emma Thomas
Schindler's List,8.9,324239466,16843163,James Cameron,Kathleen Kennedy
The Lord of the Rings: The Return of the King,6.8,415773659,190514464,Ridley Scott,Martin Scorsese
The Departed,2.5,230924112,385299633,Christopher Nolan,Emma Thomas
The Departed,2.3,509202630,185611226,Quentin Tarantino,David Heyman
Pulp Fiction,1.5,725025248,68026027,Francis Ford Coppola,Jerry Bruckheimer
The Silence of the Lambs,2.4,792312104,70673454,Quentin Tarantino,David Heyman
The Godfather,9.6,87485648,437634271,James Cameron,Kathleen Kennedy
The Godfather,8.9,277365056,95902079,Stanley Kubrick,Kathleen Kennedy
The Dark Knight,1.7,681913669,244379920,Francis Ford Coppola,Emma Thomas
The Matrix,9.7,235079616,61106663,James Cameron,Christopher Nolan
Schindler's List,8.9,432184681,440788262,Francis Ford Coppola,Emma Thomas
The Silence of the Lambs,3.7,597314411,66501998,Francis Ford Coppola,David Heyman
Fight Club,8.3,948397617,1598681,Ridley Scott,Martin Scorsese
The Matrix,6.3,419623172,331359414,Martin Scorsese,Jerry Bruckheimer
La La Land,1.4,279624818,110908181,Ridley Scott,Scott Rudin
The Grand Budapest Hotel,1.9,539017520,52576315,Steven Spielberg,Quentin Tarantino
The Shawshank Redemption,7.1,234150015,426209052,Peter Jackson,David Heyman
The Silence of the Lambs,1.3,307147573,151736944,Christopher Nolan,Steven Spielberg
La La Land,3.2,118764859,228544644,Quentin Tarantino,Martin Scorsese
The Shawshank Redemption,4.8,801378322,436795980,Peter Jackson,Martin Scorsese
Interstellar,8.5,320401703,243608101,Martin Scorsese,Jerry Bruckheimer
The Silence of the Lambs,7.5,339796363,146834719,Stanley Kubrick,Steven Spielberg
The Dark Knight,6.1,761719471,473404659,Francis Ford Coppola,Kathleen Kennedy
Interstellar,4.4,235060864,457967628,Quentin Tarantino,Christopher Nolan
Pulp Fiction,8.2,335424440,175447404,Francis Ford Coppola,George Lucas
The Grand Budapest Hotel,5,916094609,297217601,Christopher Nolan,Martin Scorsese
Avatar,8.3,452990660,489938815,Francis Ford Coppola,Quentin Tarantino
The Silence of the Lambs,5.2,289516404,261492205,Francis Ford Coppola,Jerry Bruckheimer
Interstellar,9.4,524012530,179078277,Francis Ford Coppola,Steven Spielberg
Inception,7.4,279393897,300299764,Stanley Kubrick,Quentin Tarantino
Gladiator,8.9,759179576,100493154,David Fincher,Steven Spielberg
Forrest Gump,6.7,371100154,437915777,Peter Jackson,Jerry Bruckheimer
Interstellar,7.9,858815443,177749721,David Fincher,Jerry Bruckheimer
Forrest Gump,4.9,522021829,67585144,James Cameron,Steven Spielberg
Fight Club,2.3,446310321,121777226,Stanley Kubrick,Steven Spielberg
The Shawshank Redemption,5.1,964933732,152528210,Martin Scorsese,Scott Rudin
The Silence of the Lambs,2.5,554127273,118458219,Peter Jackson,David Heyman
Gladiator,7.9,766837644,36421201,Christopher Nolan,Steven Spielberg
The Matrix,7.5,239337552,236758675,Christopher Nolan,Kathleen Kennedy
The Silence of the Lambs,8.7,147140429,236404838,James Cameron,Quentin Tarantino
The Godfather,1.6,825594370,153526173,Christopher Nolan,Martin Scorsese
The Lord of the Rings: The Return of the King,6.6,497557386,214331045,Christopher Nolan,Jerry Bruckheimer
The Departed,5.6,563779796,188885985,James Cameron,Kathleen Kennedy
Pulp Fiction,6.8,184376191,437361775,James Cameron,David Heyman
The Lord of the Rings: The Return of the King,3.3,296604987,249081684,David Fincher,Martin Scorsese
Pulp Fiction,6.6,44596093,450208776,Peter Jackson,Martin Scorsese
Inception,9.3,39883439,132533150,Christopher Nolan,George Lucas
Gladiator,1.7,536956875,169859104,Stanley Kubrick,Kathleen Kennedy
The Shawshank Redemption,5.6,52036117,297692904,Steven Spielberg,Emma Thomas
Inception,5.6,29378400,447100205,Steven Spielberg,George Lucas
Forrest Gump,6.3,42932053,310239979,Francis Ford Coppola,Emma Thomas
The Dark Knight,4.1,76331748,267818146,Ridley Scott,George Lucas
Titanic,8.9,663890725,400632672,David Fincher,Emma Thomas
Schindler's List,8.7,961957348,41034921,James Cameron,Quentin Tarantino
The Lord of the Rings: The Return of the King,6.6,47608701,239723066,Francis Ford Coppola,Scott Rudin
La La Land,2.1,713999896,219683071,Quentin Tarantino,Kathleen Kennedy
The Matrix,2.5,975437585,107275103,Peter Jackson,Steven Spielberg
The Departed,3.9,858817894,206058878,Francis Ford Coppola,Kathleen Kennedy
Inception,8.2,804194993,375362180,David Fincher,Christopher Nolan
Avatar,2.3,591881426,381004719,Stanley Kubrick,Kathleen Kennedy
Braveheart,8.5,653292765,227309610,Ridley Scott,Kathleen Kennedy
Braveheart,2.3,643433372,298591986,Peter Jackson,Scott Rudin
The Silence of the Lambs,4.6,97323904,307189172,Steven Spielberg,Scott Rudin
Fight Club,4.3,209388868,166667067,Ridley Scott,George Lucas
La La Land,1.1,828606193,127007830,Martin Scorsese,Martin Scorsese
Schindler's List,4.1,311252237,271099146,Francis Ford Coppola,Kathleen Kennedy
The Shawshank Redemption,3.5,778475682,448692102,Ridley Scott,Jerry Bruckheimer
The Shawshank Redemption,3.1,226779480,436909523,Ridley Scott,David Heyman
Gladiator,2.1,506104870,284479743,Christopher Nolan,Martin Scorsese
The Matrix,3.9,565936946,133292512,Peter Jackson,Steven Spielberg
Interstellar,4.3,677750969,204910439,Francis Ford Coppola,David Heyman
The Godfather,9.3,353297682,196541011,James Cameron,Martin Scorsese
Inception,1,892064733,427674951,David Fincher,Kathleen Kennedy
The Departed,3.8,839716661,451005340,Martin Scorsese,Christopher Nolan
Titanic,4.5,310513364,363265536,Martin Scorsese,Martin Scorsese
The Departed,4,958916836,430080093,Ridley Scott,Emma Thomas
The Matrix,1.4,800888968,103604546,Stanley Kubrick,Scott Rudin
The Social Network,6.6,668966403,5884949,Peter Jackson,Scott Rudin
The Shawshank Redemption,3,374957966,220455537,Francis Ford Coppola,Emma Thomas
Titanic,4.6,6747736,315632783,Quentin Tarantino,Christopher Nolan
Inception,7.5,23268714,221666324,Christopher Nolan,Scott Rudin
The Matrix,4.4,925553071,393377745,Stanley Kubrick,Steven Spielberg
Inception,6.5,29691645,476206043,Ridley Scott,Emma Thomas
The Departed,4.8,633327170,82772731,Martin Scorsese,George Lucas
Interstellar,2.9,134522512,479646732,David Fincher,Quentin Tarantino
Gladiator,3.3,689694990,158745941,Stanley Kubrick,Jerry Bruckheimer
Avatar,2.2,226226483,408149652,Ridley Scott,Kathleen Kennedy
Fight Club,1.3,104315848,22719991,Francis Ford Coppola,Scott Rudin
The Lord of the Rings: The Return of the King,8.7,237493296,165220913,David Fincher,Martin Scorsese
Gladiator,8.8,419873386,95544651,Martin Scorsese,Emma Thomas
The Matrix,7.2,578809040,249895367,Martin Scorsese,Quentin Tarantino
The Lord of the Rings: The Return of the King,5.8,803862740,443468704,Ridley Scott,Jerry Bruckheimer
Braveheart,9.5,295094280,45423919,Christopher Nolan,Martin Scorsese
Gladiator,4.7,841339644,66867282,Ridley Scott,Kathleen Kennedy
The Lord of the Rings: The Return of the King,5.3,593300021,253723019,Christopher Nolan,Quentin Tarantino
The Godfather,4.1,498544636,22621051,David Fincher,David Heyman
The Lord of the Rings: The Return of the King,6.8,753104830,149961781,Quentin Tarantino,David Heyman
Gladiator,4,39499110,330278015,Ridley Scott,Quentin Tarantino
Inception,3.1,483760405,318114091,Martin Scorsese,Jerry Bruckheimer
La La Land,3.2,456225196,5147539,James Cameron,Kathleen Kennedy
Schindler's List,9.9,159644153,156491790,Stanley Kubrick,Jerry Bruckheimer
Avatar,3.1,804035430,237990037,Christopher Nolan,Emma Thomas
Pulp Fiction,9.6,971122760,181169455,Peter Jackson,Kathleen Kennedy
The Shawshank Redemption,4.3,383147816,204613836,James Cameron,George Lucas
Forrest Gump,4.1,494243975,162930458,Steven Spielberg,Christopher Nolan
The Matrix,5.8,440403901,131343679,Quentin Tarantino,David Heyman
The Dark Knight,9,9755229,333298321,Steven Spielberg,Quentin Tarantino
The Matrix,1.6,680980162,113397388,David Fincher,Quentin Tarantino
The Matrix,1.4,61733158,476288243,Steven Spielberg,Jerry Bruckheimer
The Lord of the Rings: The Return of the King,8.4,664278086,376045258,David Fincher,Steven Spielberg
The Lord of the Rings: The Return of the King,6.3,960099585,105819505,Francis Ford Coppola,Emma Thomas
The Godfather,6.2,814689965,154103503,David Fincher,Martin Scorsese
The Social Network,1.9,214786273,457532786,Martin Scorsese,Scott Rudin
Pulp Fiction,8.7,122908130,415381856,Steven Spielberg,Christopher Nolan
The Dark Knight,9.4,659582381,348058286,Francis Ford Coppola,Quentin Tarantino
Inception,6.3,623022500,158182455,James Cameron,David Heyman
Inception,7.8,210508670,177126310,Martin Scorsese,George Lucas
Fight Club,7.6,266941746,189916468,Ridley Scott,Scott Rudin
Braveheart,4.8,875429030,466030802,Quentin Tarantino,Emma Thomas
La La Land,1.8,89969447,452794541,David Fincher,Scott Rudin
Schindler's List,2,975632648,334825684,Ridley Scott,Scott Rudin
The Shawshank Redemption,9.2,350042186,436216808,David Fincher,Martin Scorsese
The Dark Knight,3.4,618271763,92650958,Christopher Nolan,George Lucas
Inception,3.1,110992035,34371341,James Cameron,Kathleen Kennedy
Schindler's List,3.1,826342697,23998725,Christopher Nolan,Emma Thomas
Pulp Fiction,1.3,179043766,424593677,Peter Jackson,Scott Rudin
Forrest Gump,7,698134841,157353587,Christopher Nolan,Martin Scorsese
Interstellar,2.3,638473783,383443757,Ridley Scott,Steven Spielberg
Inception,2.5,159576196,8118280,Quentin Tarantino,Scott Rudin
Fight Club,6.3,418095462,106407146,Stanley Kubrick,Jerry Bruckheimer
La La Land,3,987294771,185362606,Ridley Scott,Quentin Tarantino
Titanic,4.3,980497865,93051764,Peter Jackson,David Heyman
The Grand Budapest Hotel,8.2,336447708,194081662,Martin Scorsese,Quentin Tarantino
Interstellar,9.6,129528639,144751470,Christopher Nolan,Quentin Tarantino
Schindler's List,5.1,90963082,91438588,Quentin Tarantino,Steven Spielberg
La La Land,1.6,72492204,80273598,Francis Ford Coppola,Kathleen Kennedy
The Dark Knight,9.4,135690762,162279802,Martin Scorsese,Scott Rudin
Fight Club,8.5,639433922,419179472,James Cameron,Martin Scorsese
Pulp Fiction,3.8,163654174,204296818,Francis Ford Coppola,David Heyman
The Lord of the Rings: The Return of the King,3.1,290300560,246249071,Francis Ford Coppola,David Heyman
The Silence of the Lambs,2.2,350448629,11881791,Francis Ford Coppola,Scott Rudin
The Grand Budapest Hotel,6.9,439505890,242799476,Steven Spielberg,George Lucas
Avatar,1.3,672717630,267487479,Stanley Kubrick,Emma Thomas
Avatar,5.8,577586217,378814502,Quentin Tarantino,George Lucas
The Departed,2,457754812,194816656,Martin Scorsese,George Lucas
The Godfather,6.4,351287343,75697940,Stanley Kubrick,Christopher Nolan
The Social Network,7.3,968094049,29070654,Stanley Kubrick,Martin Scorsese
Gladiator,3.7,65322270,393703094,Steven Spielberg,Quentin Tarantino
Interstellar,8,456308271,466769895,Quentin Tarantino,Kathleen Kennedy
Braveheart,2.7,438022759,445839541,Quentin Tarantino,George Lucas
Interstellar,2.1,332685293,389436768,Francis Ford Coppola,Steven Spielberg
The Silence of the Lambs,6.1,356812889,214055663,Martin Scorsese,Christopher Nolan
Pulp Fiction,8.4,982114229,242920528,Stanley Kubrick,Martin Scorsese
Titanic,9.3,639878618,155643851,Francis Ford Coppola,Christopher Nolan
Avatar,6.9,265564525,331028046,Christopher Nolan,Jerry Bruckheimer
Inception,1.2,997348632,76778595,Steven Spielberg,Martin Scorsese
Avatar,4,702763226,163436034,Francis Ford Coppola,Martin Scorsese
Inception,10,417963791,128592583,Ridley Scott,Martin Scorsese
Avatar,7.1,320089604,482693581,Martin Scorsese,Emma Thomas
Pulp Fiction,7.7,10697866,276508730,Martin Scorsese,Kathleen Kennedy
Braveheart,7.5,655942054,493942007,Quentin Tarantino,David Heyman
Braveheart,1.8,949449962,470703009,Christopher Nolan,Scott Rudin
Interstellar,3.4,27364089,412406942,Quentin Tarantino,George Lucas
Schindler's List,1.7,914215564,352067470,Ridley Scott,Kathleen Kennedy
The Lord of the Rings: The Return of the King,1.9,902456221,405432669,Christopher Nolan,Jerry Bruckheimer
Forrest Gump,6.2,22350366,59847898,Christopher Nolan,David Heyman
Gladiator,8.4,523328476,236880027,Christopher Nolan,Emma Thomas
The Godfather,4.8,300289014,167470449,Ridley Scott,Quentin Tarantino
La La Land,5.5,610433784,399876910,Ridley Scott,Martin Scorsese
Interstellar,7.9,378985666,87727649,Francis Ford Coppola,Christopher Nolan
Inception,4.3,548110718,113961738,Christopher Nolan,Emma Thomas
Fight Club,6.5,677539716,87039994,David Fincher,Emma Thomas
The Silence of the Lambs,2.2,546707695,185956622,Quentin Tarantino,Scott Rudin
The Social Network,6.9,342603095,332306196,Christopher Nolan,George Lucas
Pulp Fiction,8.8,796802753,64765388,Martin Scorsese,Christopher Nolan
The Godfather,6,769310084,163380048,Quentin Tarantino,David Heyman
Inception,3.9,403495844,265560209,Martin Scorsese,Jerry Bruckheimer
Braveheart,6.8,52783271,170852591,Christopher Nolan,Emma Thomas
Braveheart,5.7,154124535,144704677,Peter Jackson,George Lucas
The Departed,6.8,613522240,161306644,Francis Ford Coppola,David Heyman
La La Land,7.2,841635018,415610813,Ridley Scott,Scott Rudin
The Silence of the Lambs,9.6,579006565,108316648,Quentin Tarantino,Christopher Nolan
Forrest Gump,6.9,490833791,73813241,Steven Spielberg,Kathleen Kennedy
Inception,2.3,385748361,199304436,David Fincher,Kathleen Kennedy
Schindler's List,2.9,300910735,453957960,Quentin Tarantino,Scott Rudin
The Grand Budapest Hotel,2.3,653330932,368305719,Quentin Tarantino,Christopher Nolan
The Godfather,8,180795281,333650700,Peter Jackson,Steven Spielberg
Fight Club,4.1,254341587,40055935,Ridley Scott,Christopher Nolan
Schindler's List,7.9,85611223,336050675,Christopher Nolan,Martin Scorsese
The Godfather,6.2,995254213,370332185,David Fincher,Jerry Bruckheimer
The Lord of the Rings: The Return of the King,7,86230845,115255629,Peter Jackson,Emma Thomas
The Social Network,3.4,979517067,421353170,Francis Ford Coppola,Kathleen Kennedy
The Grand Budapest Hotel,1.3,176978812,332908908,Steven Spielberg,David Heyman
Braveheart,6.2,455377707,260574105,Peter Jackson,Steven Spielberg
Braveheart,5.2,131295118,223626015,Ridley Scott,Kathleen Kennedy
Interstellar,5.5,638832450,389958521,Quentin Tarantino,Christopher Nolan
Avatar,1.9,583892670,462625549,Francis Ford Coppola,Christopher Nolan
The Dark Knight,3.8,717142406,323350507,Martin Scorsese,Martin Scorsese
The Lord of the Rings: The Return of the King,8.8,413248342,461990540,Christopher Nolan,Scott Rudin
Gladiator,2.6,747108118,343613482,Steven Spielberg,Martin Scorsese
Fight Club,1.2,534426015,236006061,Stanley Kubrick,George Lucas
Interstellar,9.6,8871152,468189131,Francis Ford Coppola,George Lucas
Avatar,6.5,843357878,45263298,Ridley Scott,Christopher Nolan
The Grand Budapest Hotel,8.9,271202820,28963803,James Cameron,Martin Scorsese
The Grand Budapest Hotel,2.2,713731028,164526768,James Cameron,Kathleen Kennedy
Braveheart,3.8,478451574,86282404,Ridley Scott,Jerry Bruckheimer
Inception,8.6,308150005,201258285,David Fincher,Martin Scorsese
The Matrix,6,537262786,417947221,Martin Scorsese,George Lucas
The Dark Knight,3.1,696627677,231276255,Peter Jackson,Christopher Nolan
Titanic,7.5,452683188,394729839,Peter Jackson,Martin Scorsese
The Grand Budapest Hotel,5,207879274,63847947,David Fincher,Jerry Bruckheimer
The Matrix,7.8,846504816,423435051,Martin Scorsese,George Lucas
Pulp Fiction,7.7,944233776,267433011,Christopher Nolan,Emma Thomas
The Dark Knight,8.5,979985096,403601416,David Fincher,Steven Spielberg
Schindler's List,2.4,264475262,45313892,Quentin Tarantino,George Lucas
Avatar,5.2,326114648,314107440,Stanley Kubrick,Jerry Bruckheimer
The Social Network,6.8,916444062,34631607,Francis Ford Coppola,Martin Scorsese
Forrest Gump,7.5,291105509,106956762,Steven Spielberg,George Lucas
Inception,8.8,275854599,369632092,Francis Ford Coppola,George Lucas
Titanic,8.3,716758834,424196963,David Fincher,George Lucas
The Silence of the Lambs,7.4,886081127,112721334,Christopher Nolan,Quentin Tarantino
The Silence of the Lambs,3.4,944697150,103434429,Martin Scorsese,Martin Scorsese
Forrest Gump,3.1,41582165,472931108,Quentin Tarantino,Christopher Nolan
The Departed,5.5,885975022,337085368,David Fincher,Steven Spielberg
La La Land,7.5,828053317,418810649,James Cameron,Kathleen Kennedy
The Grand Budapest Hotel,1.1,354999642,280067572,Christopher Nolan,George Lucas
The Shawshank Redemption,3.3,588150429,237035583,Peter Jackson,Jerry Bruckheimer
Gladiator,1.8,894352854,192596953,Peter Jackson,David Heyman
Forrest Gump,3,514357006,288476388,Steven Spielberg,George Lucas
Pulp Fiction,2.1,82230063,253814192,James Cameron,George Lucas
The Shawshank Redemption,5.5,208456733,257236298,Francis Ford Coppola,Emma Thomas
The Lord of the Rings: The Return of the King,8,11019146,33604806,Steven Spielberg,Scott Rudin
The Godfather,1.6,261351029,367939399,David Fincher,Quentin Tarantino
The Social Network,7.2,53384944,22327057,Peter Jackson,Steven Spielberg
Pulp Fiction,2.8,858678949,484315850,David Fincher,Jerry Bruckheimer
Titanic,9.8,928597226,181499855,Christopher Nolan,Kathleen Kennedy
Schindler's List,7.8,263191469,268168804,James Cameron,Quentin Tarantino
Interstellar,8.4,734194860,91191237,Martin Scorsese,David Heyman
Pulp Fiction,1.4,33336218,138182918,Ridley Scott,Scott Rudin
The Matrix,3,481696741,132644396,Stanley Kubrick,Jerry Bruckheimer
Schindler's List,2.2,826401453,247439494,James Cameron,Scott Rudin
Avatar,6.8,394456213,102418500,Stanley Kubrick,Martin Scorsese
La La Land,4.3,506153653,292808894,Ridley Scott,Steven Spielberg
The Shawshank Redemption,2,719282398,219519232,Martin Scorsese,George Lucas
The Matrix,2.5,125216310,453300800,Christopher Nolan,Quentin Tarantino
